,S_INFO_WINDCODE,S_INFO_COMPNAME,INDUSTRIESALIAS,INDUSTRIESNAME,INDUSTRIESCODE,REPORT_PERIOD,S_FA_GR_TTM,S_FA_GROSSMARGIN_TTM,ENTRY_DT,REMOVE_DT
0,000702.SZ,湖南正虹科技发展股份有限公司,1104,饲料,7601040000000000,19931231,253802716.0,48035381.0,19970318,
1,000702.SZ,湖南正虹科技发展股份有限公司,1104,饲料,7601040000000000,19941231,351146907.0,52792871.0,19970318,
2,000702.SZ,湖南正虹科技发展股份有限公司,1104,饲料,7601040000000000,19951231,430532601.0,62101377.0,19970318,
3,000702.SZ,湖南正虹科技发展股份有限公司,1104,饲料,7601040000000000,19961231,442629787.6,74193892.75,19970318,
4,000702.SZ,湖南正虹科技发展股份有限公司,1104,饲料,7601040000000000,19970630,442629787.6,74193892.75,19970318,
5,000702.SZ,湖南正虹科技发展股份有限公司,1104,饲料,7601040000000000,19971231,624196596.54,105113686.11,19970318,
6,000702.SZ,湖南正虹科技发展股份有限公司,1104,饲料,7601040000000000,19980630,638286928.3,-127538644.82,19970318,
7,000702.SZ,湖南正虹科技发展股份有限公司,1104,饲料,7601040000000000,19981231,693341827.43,129760119.74,19970318,
8,000702.SZ,湖南正虹科技发展股份有限公司,1104,饲料,7601040000000000,19990630,637599100.93,123879730.82,19970318,
9,000702.SZ,湖南正虹科技发展股份有限公司,1104,饲料,7601040000000000,19991231,679765873.03,145655511.45,19970318,
10,000702.SZ,湖南正虹科技发展股份有限公司,1104,饲料,7601040000000000,20000630,816110980.86,176851574.53,19970318,
11,000702.SZ,湖南正虹科技发展股份有限公司,1104,饲料,7601040000000000,20001231,1001880591.61,251054126.58,19970318,
12,000702.SZ,湖南正虹科技发展股份有限公司,1104,饲料,7601040000000000,20010630,1167734410.63,273968133.3,19970318,
13,000702.SZ,湖南正虹科技发展股份有限公司,1104,饲料,7601040000000000,20011231,1115030193.72,227245146.88,19970318,
14,000702.SZ,湖南正虹科技发展股份有限公司,1104,饲料,7601040000000000,20020331,1115030193.72,227245146.88,19970318,
15,000702.SZ,湖南正虹科技发展股份有限公司,1104,饲料,7601040000000000,20020630,1001975157.15,201252474.48,19970318,
16,000702.SZ,湖南正虹科技发展股份有限公司,1104,饲料,7601040000000000,20020930,1115030193.72,227245146.88,19970318,
17,000702.SZ,湖南正虹科技发展股份有限公司,1104,饲料,7601040000000000,20021231,1091808742.82,172900784.28,19970318,
18,000702.SZ,湖南正虹科技发展股份有限公司,1104,饲料,7601040000000000,20030331,1138604740.43,164396305.01,19970318,
19,000702.SZ,湖南正虹科技发展股份有限公司,1104,饲料,7601040000000000,20030630,1186179893.76,165534476.33,19970318,
20,000702.SZ,湖南正虹科技发展股份有限公司,1104,饲料,7601040000000000,20030930,1214579500.68,168151983.99,19970318,
21,000702.SZ,湖南正虹科技发展股份有限公司,1104,饲料,7601040000000000,20031231,1361640263.4,167093376.41,19970318,
22,000702.SZ,湖南正虹科技发展股份有限公司,1104,饲料,7601040000000000,20040331,1483024512.64,167279621.87,19970318,
23,000702.SZ,湖南正虹科技发展股份有限公司,1104,饲料,7601040000000000,20040630,1576613604.85,167811535.5,19970318,
24,000702.SZ,湖南正虹科技发展股份有限公司,1104,饲料,7601040000000000,20040930,1773033844.95,177072027.78,19970318,
25,000702.SZ,湖南正虹科技发展股份有限公司,1104,饲料,7601040000000000,20041231,1841664555.29,185833783.27,19970318,
26,000702.SZ,湖南正虹科技发展股份有限公司,1104,饲料,7601040000000000,20050331,1918810183.63,195164897.84,19970318,
27,000702.SZ,湖南正虹科技发展股份有限公司,1104,饲料,7601040000000000,20050630,2001430989.8,202146711.45,19970318,
28,000702.SZ,湖南正虹科技发展股份有限公司,1104,饲料,7601040000000000,20050930,1996419368.14,206311588.3,19970318,
29,000702.SZ,湖南正虹科技发展股份有限公司,1104,饲料,7601040000000000,20051231,1978643128.21,195666859.57,19970318,
30,000702.SZ,湖南正虹科技发展股份有限公司,1104,饲料,7601040000000000,20060331,1894760918.3,186581033.62,19970318,
31,000702.SZ,湖南正虹科技发展股份有限公司,1104,饲料,7601040000000000,20060630,1855458984.21,182308289.73,19970318,
32,000702.SZ,湖南正虹科技发展股份有限公司,1104,饲料,7601040000000000,20060930,1763777267.22,168776511.86,19970318,
33,000702.SZ,湖南正虹科技发展股份有限公司,1104,饲料,7601040000000000,20061231,1649577725.62,155591379.1,19970318,
34,000702.SZ,湖南正虹科技发展股份有限公司,1104,饲料,7601040000000000,20070331,1512028435.3,144701880.37,19970318,
35,000702.SZ,湖南正虹科技发展股份有限公司,1104,饲料,7601040000000000,20070630,1432940072.26,136656345.88,19970318,
36,000702.SZ,湖南正虹科技发展股份有限公司,1104,饲料,7601040000000000,20070930,1426125579.05,129538571.09,19970318,
37,000702.SZ,湖南正虹科技发展股份有限公司,1104,饲料,7601040000000000,20071231,1390754676.95,110426857.54,19970318,
38,000702.SZ,湖南正虹科技发展股份有限公司,1104,饲料,7601040000000000,20080331,1492736118.65,117339957.62,19970318,
39,000702.SZ,湖南正虹科技发展股份有限公司,1104,饲料,7601040000000000,20080630,1591305507.36,120592183.79,19970318,
40,000702.SZ,湖南正虹科技发展股份有限公司,1104,饲料,7601040000000000,20080930,1675779881.11,124522622.99,19970318,
41,000702.SZ,湖南正虹科技发展股份有限公司,1104,饲料,7601040000000000,20081231,1593173003.9,154700034.12,19970318,
42,000702.SZ,湖南正虹科技发展股份有限公司,1104,饲料,7601040000000000,20090331,1538251438.38,151272959.5,19970318,
43,000702.SZ,湖南正虹科技发展股份有限公司,1104,饲料,7601040000000000,20090630,1497717856.31,162997329.82,19970318,
44,000702.SZ,湖南正虹科技发展股份有限公司,1104,饲料,7601040000000000,20090930,1482586745.21,157296330.73,19970318,
45,000702.SZ,湖南正虹科技发展股份有限公司,1104,饲料,7601040000000000,20091231,1658833008.61,157251366.03,19970318,
46,000702.SZ,湖南正虹科技发展股份有限公司,1104,饲料,7601040000000000,20100331,1683961481.96,157876886.79,19970318,
47,000702.SZ,湖南正虹科技发展股份有限公司,1104,饲料,7601040000000000,20100630,1686037264.95,131458353.24,19970318,
48,000702.SZ,湖南正虹科技发展股份有限公司,1104,饲料,7601040000000000,20100930,1722196095.76,135947860.36,19970318,
49,000702.SZ,湖南正虹科技发展股份有限公司,1104,饲料,7601040000000000,20101231,1705623970.31,145943208.07,19970318,
50,000702.SZ,湖南正虹科技发展股份有限公司,1104,饲料,7601040000000000,20110331,1698373612.52,146017478.96,19970318,
51,000702.SZ,湖南正虹科技发展股份有限公司,1104,饲料,7601040000000000,20110630,1738820135.53,154647954.61,19970318,
52,000702.SZ,湖南正虹科技发展股份有限公司,1104,饲料,7601040000000000,20110930,1909619235.73,156422371.63,19970318,
53,000702.SZ,湖南正虹科技发展股份有限公司,1104,饲料,7601040000000000,20111231,1911926859.16,158956750.15,19970318,
54,000702.SZ,湖南正虹科技发展股份有限公司,1104,饲料,7601040000000000,20120331,2037740461.96,163131723.7,19970318,
55,000702.SZ,湖南正虹科技发展股份有限公司,1104,饲料,7601040000000000,20120630,2128523118.56,167310261.21,19970318,
56,000702.SZ,湖南正虹科技发展股份有限公司,1104,饲料,7601040000000000,20120930,2036231920.8,163707769.89,19970318,
57,000702.SZ,湖南正虹科技发展股份有限公司,1104,饲料,7601040000000000,20121231,1966032593.29,154443326.62,19970318,
58,000702.SZ,湖南正虹科技发展股份有限公司,1104,饲料,7601040000000000,20130331,1984165755.1,150030766.53,19970318,
59,000702.SZ,湖南正虹科技发展股份有限公司,1104,饲料,7601040000000000,20130630,1925292179.93,144782366.82,19970318,
60,000702.SZ,湖南正虹科技发展股份有限公司,1104,饲料,7601040000000000,20130930,1966221774.89,145896652.7,19970318,
61,000702.SZ,湖南正虹科技发展股份有限公司,1104,饲料,7601040000000000,20131231,2024098384.46,143147392.32,19970318,
62,000702.SZ,湖南正虹科技发展股份有限公司,1104,饲料,7601040000000000,20140331,1947852969.01,133490817.84,19970318,
63,000702.SZ,湖南正虹科技发展股份有限公司,1104,饲料,7601040000000000,20140630,1957967116.73,132389575.41,19970318,
64,000702.SZ,湖南正虹科技发展股份有限公司,1104,饲料,7601040000000000,20140930,1872551586.57,139879175.3,19970318,
65,000702.SZ,湖南正虹科技发展股份有限公司,1104,饲料,7601040000000000,20141231,1801316970.51,144106736.37,19970318,
66,000702.SZ,湖南正虹科技发展股份有限公司,1104,饲料,7601040000000000,20150331,1722337772.85,133731900.69,19970318,
67,000702.SZ,湖南正虹科技发展股份有限公司,1104,饲料,7601040000000000,20150630,1618205470.83,138005765.02,19970318,
68,000702.SZ,湖南正虹科技发展股份有限公司,1104,饲料,7601040000000000,20150930,1463161418.24,133066659.53,19970318,
69,000702.SZ,湖南正虹科技发展股份有限公司,1104,饲料,7601040000000000,20151231,1316880091.88,125858168.8,19970318,
70,000702.SZ,湖南正虹科技发展股份有限公司,1104,饲料,7601040000000000,20160331,1256240927.17,132478146.57,19970318,
71,000702.SZ,湖南正虹科技发展股份有限公司,1104,饲料,7601040000000000,20160630,1218589273.49,133881089.15,19970318,
72,000702.SZ,湖南正虹科技发展股份有限公司,1104,饲料,7601040000000000,20160930,1177568302.84,120780424.75,19970318,
73,000702.SZ,湖南正虹科技发展股份有限公司,1104,饲料,7601040000000000,20161231,1229990208.36,120396945.41,19970318,
74,000702.SZ,湖南正虹科技发展股份有限公司,1104,饲料,7601040000000000,20170331,1248303142.01,125011212.03,19970318,
75,000702.SZ,湖南正虹科技发展股份有限公司,1104,饲料,7601040000000000,20170630,1245085240.02,122478376.63,19970318,
76,000702.SZ,湖南正虹科技发展股份有限公司,1104,饲料,7601040000000000,20170930,1269263941.0,138385287.08,19970318,
77,000702.SZ,湖南正虹科技发展股份有限公司,1104,饲料,7601040000000000,20171231,1348404085.32,142362074.78,19970318,
78,000702.SZ,湖南正虹科技发展股份有限公司,1104,饲料,7601040000000000,20180331,1380980157.71,139326453.24,19970318,
79,000702.SZ,湖南正虹科技发展股份有限公司,1104,饲料,7601040000000000,20180630,1327680007.84,120994576.84,19970318,
80,000702.SZ,湖南正虹科技发展股份有限公司,1104,饲料,7601040000000000,20180930,1424197742.68,117461153.33,19970318,
81,000702.SZ,湖南正虹科技发展股份有限公司,1104,饲料,7601040000000000,20181231,1341877249.77,111996963.2,19970318,
82,000702.SZ,湖南正虹科技发展股份有限公司,1104,饲料,7601040000000000,20190331,1343789727.19,109941565.1,19970318,
83,000702.SZ,湖南正虹科技发展股份有限公司,1104,饲料,7601040000000000,20190630,1405952294.52,138687668.51,19970318,
84,000702.SZ,湖南正虹科技发展股份有限公司,1104,饲料,7601040000000000,20190930,1243924739.28,128051534.44,19970318,
85,000702.SZ,湖南正虹科技发展股份有限公司,1104,饲料,7601040000000000,20191231,1123012450.63,138368495.03,19970318,
86,000702.SZ,湖南正虹科技发展股份有限公司,1104,饲料,7601040000000000,20200331,1007882716.69,139480970.33,19970318,
87,000702.SZ,湖南正虹科技发展股份有限公司,1104,饲料,7601040000000000,20200630,903570852.64,127828223.24,19970318,
88,000702.SZ,湖南正虹科技发展股份有限公司,1104,饲料,7601040000000000,20200930,874608179.42,127271637.49,19970318,
89,000702.SZ,湖南正虹科技发展股份有限公司,1104,饲料,7601040000000000,20201231,1068295560.24,126647762.25,19970318,
90,000702.SZ,湖南正虹科技发展股份有限公司,1104,饲料,7601040000000000,20210331,1255926906.34,139635710.08,19970318,
91,000702.SZ,湖南正虹科技发展股份有限公司,1104,饲料,7601040000000000,20210630,1379828538.79,102466580.51,19970318,
92,000702.SZ,湖南正虹科技发展股份有限公司,1104,饲料,7601040000000000,20210930,1407216128.45,44324878.23,19970318,
93,000702.SZ,湖南正虹科技发展股份有限公司,1104,饲料,7601040000000000,20211231,1431564907.07,37712520.72,19970318,
94,000702.SZ,湖南正虹科技发展股份有限公司,1104,饲料,7601040000000000,20220331,1294018382.04,-21015615.29,19970318,
95,000702.SZ,湖南正虹科技发展股份有限公司,1104,饲料,7601040000000000,20220630,1208578578.3,-22093950.67,19970318,
96,000702.SZ,湖南正虹科技发展股份有限公司,1104,饲料,7601040000000000,20220930,1229842376.66,31100352.55,19970318,
97,000702.SZ,湖南正虹科技发展股份有限公司,1104,饲料,7601040000000000,20221231,1161091171.96,16867669.75,19970318,
98,000702.SZ,湖南正虹科技发展股份有限公司,1104,饲料,7601040000000000,20230331,1230124589.91,39741749.29,19970318,
99,001313.SZ,广东粤海饲料集团股份有限公司,1104,饲料,7601040000000000,20151231,3599924656.37,603020045.38,20220121,
100,001313.SZ,广东粤海饲料集团股份有限公司,1104,饲料,7601040000000000,20161231,3704229763.35,570093656.84,20220121,
101,001313.SZ,广东粤海饲料集团股份有限公司,1104,饲料,7601040000000000,20171231,4576896765.66,748083841.44,20220121,
102,001313.SZ,广东粤海饲料集团股份有限公司,1104,饲料,7601040000000000,20180630,4576896765.66,748083841.44,20220121,
103,001313.SZ,广东粤海饲料集团股份有限公司,1104,饲料,7601040000000000,20181231,5252271086.7,768312768.75,20220121,
104,001313.SZ,广东粤海饲料集团股份有限公司,1104,饲料,7601040000000000,20191231,5066527521.4,797801133.13,20220121,
105,001313.SZ,广东粤海饲料集团股份有限公司,1104,饲料,7601040000000000,20200630,5066527521.4,797801133.13,20220121,
106,001313.SZ,广东粤海饲料集团股份有限公司,1104,饲料,7601040000000000,20200930,5066527521.4,797801133.13,20220121,
107,001313.SZ,广东粤海饲料集团股份有限公司,1104,饲料,7601040000000000,20201231,5843720740.62,821666552.77,20220121,
108,001313.SZ,广东粤海饲料集团股份有限公司,1104,饲料,7601040000000000,20210331,5843720740.62,821666552.77,20220121,
109,001313.SZ,广东粤海饲料集团股份有限公司,1104,饲料,7601040000000000,20210630,6036797544.5,830602946.19,20220121,
110,001313.SZ,广东粤海饲料集团股份有限公司,1104,饲料,7601040000000000,20210930,6366358530.63,804742481.96,20220121,
111,001313.SZ,广东粤海饲料集团股份有限公司,1104,饲料,7601040000000000,20211231,6725075889.05,849828719.42,20220121,
112,001313.SZ,广东粤海饲料集团股份有限公司,1104,饲料,7601040000000000,20220331,6944605695.02,844061783.47,20220121,
113,001313.SZ,广东粤海饲料集团股份有限公司,1104,饲料,7601040000000000,20220630,6878575476.07,728573335.29,20220121,
114,001313.SZ,广东粤海饲料集团股份有限公司,1104,饲料,7601040000000000,20220930,7050432446.07,701079792.97,20220121,
115,001313.SZ,广东粤海饲料集团股份有限公司,1104,饲料,7601040000000000,20221231,7091868101.27,696727115.34,20220121,
116,001313.SZ,广东粤海饲料集团股份有限公司,1104,饲料,7601040000000000,20230331,7066785929.23,697309622.24,20220121,
117,001366.SZ,播恩集团股份有限公司,1104,饲料,7601040000000000,20181231,1240772431.27,313580293.11,20230224,
118,001366.SZ,播恩集团股份有限公司,1104,饲料,7601040000000000,20191231,1026349622.93,264273040.04,20230224,
119,001366.SZ,播恩集团股份有限公司,1104,饲料,7601040000000000,20201231,1510017516.15,296614211.55,20230224,
120,001366.SZ,播恩集团股份有限公司,1104,饲料,7601040000000000,20210630,1510017516.15,296614211.55,20230224,
121,001366.SZ,播恩集团股份有限公司,1104,饲料,7601040000000000,20211231,1770921679.98,277883234.13,20230224,
122,001366.SZ,播恩集团股份有限公司,1104,饲料,7601040000000000,20220331,1770921679.98,277883234.13,20230224,
123,001366.SZ,播恩集团股份有限公司,1104,饲料,7601040000000000,20220630,1533476045.94,219177719.89,20230224,
124,001366.SZ,播恩集团股份有限公司,1104,饲料,7601040000000000,20221231,1709388797.19,220751670.64,20230224,
125,001366.SZ,播恩集团股份有限公司,1104,饲料,7601040000000000,20230331,1798868234.42,236707312.32,20230224,
126,002100.SZ,天康生物股份有限公司,1104,饲料,7601040000000000,20031231,235554124.11,41394039.31,20150701,
127,002100.SZ,天康生物股份有限公司,1104,饲料,7601040000000000,20041231,282292443.44,50933703.95,20150701,
128,002100.SZ,天康生物股份有限公司,1104,饲料,7601040000000000,20050930,282292443.44,50933703.95,20150701,
129,002100.SZ,天康生物股份有限公司,1104,饲料,7601040000000000,20051231,371283300.0,80723477.45,20150701,
130,002100.SZ,天康生物股份有限公司,1104,饲料,7601040000000000,20060331,371283300.0,80723477.45,20150701,
131,002100.SZ,天康生物股份有限公司,1104,饲料,7601040000000000,20060630,371283300.0,80723477.45,20150701,
132,002100.SZ,天康生物股份有限公司,1104,饲料,7601040000000000,20060930,388490107.44,80723477.45,20150701,
133,002100.SZ,天康生物股份有限公司,1104,饲料,7601040000000000,20061231,421682411.36,90640877.54,20150701,
134,002100.SZ,天康生物股份有限公司,1104,饲料,7601040000000000,20070331,440958990.6,90640877.54,20150701,
135,002100.SZ,天康生物股份有限公司,1104,饲料,7601040000000000,20070630,475498247.61,107905918.96,20150701,
136,002100.SZ,天康生物股份有限公司,1104,饲料,7601040000000000,20070930,596834923.99,120474494.63,20150701,
137,002100.SZ,天康生物股份有限公司,1104,饲料,7601040000000000,20071231,670654885.49,151389328.88,20150701,
138,002100.SZ,天康生物股份有限公司,1104,饲料,7601040000000000,20080331,736606229.12,161094404.87,20150701,
139,002100.SZ,天康生物股份有限公司,1104,饲料,7601040000000000,20080630,863819410.54,176776530.0,20150701,
140,002100.SZ,天康生物股份有限公司,1104,饲料,7601040000000000,20080930,920964731.91,191606079.57,20150701,
141,002100.SZ,天康生物股份有限公司,1104,饲料,7601040000000000,20081231,1068392241.87,231937037.68,20150701,
142,002100.SZ,天康生物股份有限公司,1104,饲料,7601040000000000,20090331,1298801917.34,263006515.22,20150701,
143,002100.SZ,天康生物股份有限公司,1104,饲料,7601040000000000,20090630,1548933176.26,289661584.26,20150701,
144,002100.SZ,天康生物股份有限公司,1104,饲料,7601040000000000,20090930,1918345597.48,329608003.82,20150701,
145,002100.SZ,天康生物股份有限公司,1104,饲料,7601040000000000,20091231,2074691883.42,350268545.36,20150701,
146,002100.SZ,天康生物股份有限公司,1104,饲料,7601040000000000,20100331,2173558234.52,355928683.42,20150701,
147,002100.SZ,天康生物股份有限公司,1104,饲料,7601040000000000,20100630,2235789403.58,371726023.68,20150701,
148,002100.SZ,天康生物股份有限公司,1104,饲料,7601040000000000,20100930,2242719146.73,375897367.17,20150701,
149,002100.SZ,天康生物股份有限公司,1104,饲料,7601040000000000,20101231,2369046039.49,404959573.79,20150701,
150,002100.SZ,天康生物股份有限公司,1104,饲料,7601040000000000,20110331,2424988523.47,429332375.28,20150701,
151,002100.SZ,天康生物股份有限公司,1104,饲料,7601040000000000,20110630,2550275758.14,450124749.12,20150701,
152,002100.SZ,天康生物股份有限公司,1104,饲料,7601040000000000,20110930,2730697768.65,460578537.45,20150701,
153,002100.SZ,天康生物股份有限公司,1104,饲料,7601040000000000,20111231,2983984223.18,450213067.08,20150701,
154,002100.SZ,天康生物股份有限公司,1104,饲料,7601040000000000,20120331,3109130732.93,451186384.2,20150701,
155,002100.SZ,天康生物股份有限公司,1104,饲料,7601040000000000,20120630,3343284290.28,465807399.98,20150701,
156,002100.SZ,天康生物股份有限公司,1104,饲料,7601040000000000,20120930,3485550951.07,476400227.33,20150701,
157,002100.SZ,天康生物股份有限公司,1104,饲料,7601040000000000,20121231,3327313393.33,525984972.46,20150701,
158,002100.SZ,天康生物股份有限公司,1104,饲料,7601040000000000,20130331,3489353102.5,552152081.89,20150701,
159,002100.SZ,天康生物股份有限公司,1104,饲料,7601040000000000,20130630,3436624335.14,554843238.5,20150701,
160,002100.SZ,天康生物股份有限公司,1104,饲料,7601040000000000,20130930,3469894965.95,587876725.93,20150701,
161,002100.SZ,天康生物股份有限公司,1104,饲料,7601040000000000,20131231,3724760232.88,629065661.81,20150701,
162,002100.SZ,天康生物股份有限公司,1104,饲料,7601040000000000,20140331,3638052356.58,635340158.47,20150701,
163,002100.SZ,天康生物股份有限公司,1104,饲料,7601040000000000,20140630,3734763400.59,675082526.31,20150701,
164,002100.SZ,天康生物股份有限公司,1104,饲料,7601040000000000,20140930,3824036765.94,716308930.08,20150701,
165,002100.SZ,天康生物股份有限公司,1104,饲料,7601040000000000,20141231,4014627131.78,789320512.7,20150701,
166,002100.SZ,天康生物股份有限公司,1104,饲料,7601040000000000,20150331,4123340147.78,838802724.9,20150701,
167,002100.SZ,天康生物股份有限公司,1104,饲料,7601040000000000,20150630,4354032576.74,923255194.78,20150701,
168,002100.SZ,天康生物股份有限公司,1104,饲料,7601040000000000,20150930,4326076894.41,936460677.1,20150701,
169,002100.SZ,天康生物股份有限公司,1104,饲料,7601040000000000,20151231,4167289410.3,909487430.57,20150701,
170,002100.SZ,天康生物股份有限公司,1104,饲料,7601040000000000,20160331,4252436978.99,962265675.43,20150701,
171,002100.SZ,天康生物股份有限公司,1104,饲料,7601040000000000,20160630,4260375331.36,971987256.17,20150701,
172,002100.SZ,天康生物股份有限公司,1104,饲料,7601040000000000,20160930,4267901019.7,1076604115.72,20150701,
173,002100.SZ,天康生物股份有限公司,1104,饲料,7601040000000000,20161231,4444138122.88,1089887892.66,20150701,
174,002100.SZ,天康生物股份有限公司,1104,饲料,7601040000000000,20170331,4521094475.22,1092874714.47,20150701,
175,002100.SZ,天康生物股份有限公司,1104,饲料,7601040000000000,20170630,4549837960.21,1080806852.36,20150701,
176,002100.SZ,天康生物股份有限公司,1104,饲料,7601040000000000,20170930,4653763757.82,1068150089.31,20150701,
177,002100.SZ,天康生物股份有限公司,1104,饲料,7601040000000000,20171231,4630025738.72,1083280288.84,20150701,
178,002100.SZ,天康生物股份有限公司,1104,饲料,7601040000000000,20180331,4586998701.81,1052633219.32,20150701,
179,002100.SZ,天康生物股份有限公司,1104,饲料,7601040000000000,20180630,4646651158.37,1032937666.57,20150701,
180,002100.SZ,天康生物股份有限公司,1104,饲料,7601040000000000,20180930,4874760188.7,1079448735.16,20150701,
181,002100.SZ,天康生物股份有限公司,1104,饲料,7601040000000000,20181231,5273032350.33,1109598763.07,20150701,
182,002100.SZ,天康生物股份有限公司,1104,饲料,7601040000000000,20190331,5481479794.61,1121948738.02,20150701,
183,002100.SZ,天康生物股份有限公司,1104,饲料,7601040000000000,20190630,5701103916.16,1198871600.39,20150701,
184,002100.SZ,天康生物股份有限公司,1104,饲料,7601040000000000,20190930,6742008288.63,1404875147.54,20150701,
185,002100.SZ,天康生物股份有限公司,1104,饲料,7601040000000000,20191231,7476316392.02,1875979433.13,20150701,
186,002100.SZ,天康生物股份有限公司,1104,饲料,7601040000000000,20200331,8255039571.59,2273301402.66,20150701,
187,002100.SZ,天康生物股份有限公司,1104,饲料,7601040000000000,20200630,9465425377.93,2860571089.84,20150701,
188,002100.SZ,天康生物股份有限公司,1104,饲料,7601040000000000,20200930,10917258459.66,3494282684.29,20150701,
189,002100.SZ,天康生物股份有限公司,1104,饲料,7601040000000000,20201231,11986808944.23,3715273874.33,20150701,
190,002100.SZ,天康生物股份有限公司,1104,饲料,7601040000000000,20210331,13342502589.43,3871807500.47,20150701,
191,002100.SZ,天康生物股份有限公司,1104,饲料,7601040000000000,20210630,15200168301.34,3641774460.09,20150701,
192,002100.SZ,天康生物股份有限公司,1104,饲料,7601040000000000,20210930,15694936612.21,2548422534.47,20150701,
193,002100.SZ,天康生物股份有限公司,1104,饲料,7601040000000000,20211231,15744337617.02,1537743083.51,20150701,
194,002100.SZ,天康生物股份有限公司,1104,饲料,7601040000000000,20220331,15797036341.44,1012215368.17,20150701,
195,002100.SZ,天康生物股份有限公司,1104,饲料,7601040000000000,20220630,15836324588.21,648947223.06,20150701,
196,002100.SZ,天康生物股份有限公司,1104,饲料,7601040000000000,20220930,16300971341.54,1266430609.76,20150701,
197,002100.SZ,天康生物股份有限公司,1104,饲料,7601040000000000,20221231,16731607636.11,1756774176.29,20150701,
198,002100.SZ,天康生物股份有限公司,1104,饲料,7601040000000000,20230331,17230522210.5,1850301427.63,20150701,
199,002311.SZ,广东海大集团股份有限公司,1104,饲料,7601040000000000,20061231,1526481203.2,147771602.25,20090112,
200,002311.SZ,广东海大集团股份有限公司,1104,饲料,7601040000000000,20071231,2721675221.9,246792455.56,20090112,
201,002311.SZ,广东海大集团股份有限公司,1104,饲料,7601040000000000,20080930,2721675221.9,246792455.56,20090112,
202,002311.SZ,广东海大集团股份有限公司,1104,饲料,7601040000000000,20081231,4530322085.53,353323158.75,20090112,
203,002311.SZ,广东海大集团股份有限公司,1104,饲料,7601040000000000,20090331,4530322085.53,353323158.75,20090112,
204,002311.SZ,广东海大集团股份有限公司,1104,饲料,7601040000000000,20090630,4530322085.53,353323158.75,20090112,
205,002311.SZ,广东海大集团股份有限公司,1104,饲料,7601040000000000,20090930,5013727859.43,353323158.75,20090112,
206,002311.SZ,广东海大集团股份有限公司,1104,饲料,7601040000000000,20091231,5250445099.83,436170367.71,20090112,
207,002311.SZ,广东海大集团股份有限公司,1104,饲料,7601040000000000,20100331,5457938441.01,436170367.71,20090112,
208,002311.SZ,广东海大集团股份有限公司,1104,饲料,7601040000000000,20100630,5818550265.26,497305995.66,20090112,
209,002311.SZ,广东海大集团股份有限公司,1104,饲料,7601040000000000,20100930,7000684761.74,592569723.54,20090112,
210,002311.SZ,广东海大集团股份有限公司,1104,饲料,7601040000000000,20101231,7697692263.07,664653350.37,20090112,
211,002311.SZ,广东海大集团股份有限公司,1104,饲料,7601040000000000,20110331,8035259781.66,701539739.19,20090112,
212,002311.SZ,广东海大集团股份有限公司,1104,饲料,7601040000000000,20110630,9175253886.04,829116623.77,20090112,
213,002311.SZ,广东海大集团股份有限公司,1104,饲料,7601040000000000,20110930,10970748540.81,1031016086.72,20090112,
214,002311.SZ,广东海大集团股份有限公司,1104,饲料,7601040000000000,20111231,11975721873.21,1108579609.05,20090112,
215,002311.SZ,广东海大集团股份有限公司,1104,饲料,7601040000000000,20120331,12736074872.22,1172642897.57,20090112,
216,002311.SZ,广东海大集团股份有限公司,1104,饲料,7601040000000000,20120630,14140967251.28,1319056957.42,20090112,
217,002311.SZ,广东海大集团股份有限公司,1104,饲料,7601040000000000,20120930,14941562473.77,1443208315.27,20090112,
218,002311.SZ,广东海大集团股份有限公司,1104,饲料,7601040000000000,20121231,15451453920.62,1452303604.51,20090112,
219,002311.SZ,广东海大集团股份有限公司,1104,饲料,7601040000000000,20130331,16209018263.08,1533340950.49,20090112,
220,002311.SZ,广东海大集团股份有限公司,1104,饲料,7601040000000000,20130630,16356688250.45,1511634930.31,20090112,
221,002311.SZ,广东海大集团股份有限公司,1104,饲料,7601040000000000,20130930,17244671786.62,1477015709.13,20090112,
222,002311.SZ,广东海大集团股份有限公司,1104,饲料,7601040000000000,20131231,17930412463.89,1518809072.28,20090112,
223,002311.SZ,广东海大集团股份有限公司,1104,饲料,7601040000000000,20140331,18168668246.45,1525296016.16,20090112,
224,002311.SZ,广东海大集团股份有限公司,1104,饲料,7601040000000000,20140630,19649834988.41,1753046071.37,20090112,
225,002311.SZ,广东海大集团股份有限公司,1104,饲料,7601040000000000,20140930,20380880831.58,1984042739.24,20090112,
226,002311.SZ,广东海大集团股份有限公司,1104,饲料,7601040000000000,20141231,21090411325.24,2071577793.08,20090112,
227,002311.SZ,广东海大集团股份有限公司,1104,饲料,7601040000000000,20150331,21574634746.44,2155395139.33,20090112,
228,002311.SZ,广东海大集团股份有限公司,1104,饲料,7601040000000000,20150630,21808666700.15,2198452793.16,20090112,
229,002311.SZ,广东海大集团股份有限公司,1104,饲料,7601040000000000,20150930,22418459728.94,2372323549.82,20090112,
230,002311.SZ,广东海大集团股份有限公司,1104,饲料,7601040000000000,20151231,25567402483.2,2407956379.57,20090112,
231,002311.SZ,广东海大集团股份有限公司,1104,饲料,7601040000000000,20160331,26046895096.17,2415951848.58,20090112,
232,002311.SZ,广东海大集团股份有限公司,1104,饲料,7601040000000000,20160630,27537337889.05,2664942428.89,20090112,
233,002311.SZ,广东海大集团股份有限公司,1104,饲料,7601040000000000,20160930,27940906625.29,2611303082.84,20090112,
234,002311.SZ,广东海大集团股份有限公司,1104,饲料,7601040000000000,20161231,27185309985.32,2559893831.98,20090112,
235,002311.SZ,广东海大集团股份有限公司,1104,饲料,7601040000000000,20170331,28647851301.89,2757476823.61,20090112,
236,002311.SZ,广东海大集团股份有限公司,1104,饲料,7601040000000000,20170630,30097269523.62,2865040398.41,20090112,
237,002311.SZ,广东海大集团股份有限公司,1104,饲料,7601040000000000,20170930,33714663128.95,3251506528.77,20090112,
238,002311.SZ,广东海大集团股份有限公司,1104,饲料,7601040000000000,20171231,32556634127.38,3577055434.96,20090112,
239,002311.SZ,广东海大集团股份有限公司,1104,饲料,7601040000000000,20180331,34350375487.85,3754817219.44,20090112,
240,002311.SZ,广东海大集团股份有限公司,1104,饲料,7601040000000000,20180630,35705197123.85,4024000770.93,20090112,
241,002311.SZ,广东海大集团股份有限公司,1104,饲料,7601040000000000,20180930,36887766616.3,4302069611.59,20090112,
242,002311.SZ,广东海大集团股份有限公司,1104,饲料,7601040000000000,20181231,42156628800.11,4541042615.34,20090112,
243,002311.SZ,广东海大集团股份有限公司,1104,饲料,7601040000000000,20190331,43771667646.95,4706311324.8,20090112,
244,002311.SZ,广东海大集团股份有限公司,1104,饲料,7601040000000000,20190630,45540021111.49,4999121968.28,20090112,
245,002311.SZ,广东海大集团股份有限公司,1104,饲料,7601040000000000,20190930,46835715154.47,5158173376.59,20090112,
246,002311.SZ,广东海大集团股份有限公司,1104,饲料,7601040000000000,20191231,47612587464.5,5389175547.4,20090112,
247,002311.SZ,广东海大集团股份有限公司,1104,饲料,7601040000000000,20200331,49229500708.0,5767974238.43,20090112,
248,002311.SZ,广东海大集团股份有限公司,1104,饲料,7601040000000000,20200630,52434218968.99,6174715064.91,20090112,
249,002311.SZ,广东海大集团股份有限公司,1104,饲料,7601040000000000,20200930,55905884073.77,6587313558.23,20090112,
250,002311.SZ,广东海大集团股份有限公司,1104,饲料,7601040000000000,20201231,60323862405.94,7032082746.51,20090112,
251,002311.SZ,广东海大集团股份有限公司,1104,饲料,7601040000000000,20210331,65545161274.86,7597267803.72,20090112,
252,002311.SZ,广东海大集团股份有限公司,1104,饲料,7601040000000000,20210630,72629173190.29,7796573000.12,20090112,
253,002311.SZ,广东海大集团股份有限公司,1104,饲料,7601040000000000,20210930,80831905474.34,7440640878.87,20090112,
254,002311.SZ,广东海大集团股份有限公司,1104,饲料,7601040000000000,20211231,85998559748.78,7299782117.68,20090112,
255,002311.SZ,广东海大集团股份有限公司,1104,饲料,7601040000000000,20220331,90238646674.73,7070919673.59,20090112,
256,002311.SZ,广东海大集团股份有限公司,1104,饲料,7601040000000000,20220630,94132836102.77,7304348716.23,20090112,
257,002311.SZ,广东海大集团股份有限公司,1104,饲料,7601040000000000,20220930,100639598934.53,8574177186.42,20090112,
258,002311.SZ,广东海大集团股份有限公司,1104,饲料,7601040000000000,20221231,104715417485.92,9711837385.69,20090112,
259,002311.SZ,广东海大集团股份有限公司,1104,饲料,7601040000000000,20230331,108120547742.28,10071239324.86,20090112,
260,002385.SZ,北京大北农科技集团股份有限公司,1104,饲料,7601040000000000,20061231,1625704303.69,441960759.0,20100129,
261,002385.SZ,北京大北农科技集团股份有限公司,1104,饲料,7601040000000000,20071231,2270306935.64,483998472.43,20100129,
262,002385.SZ,北京大北农科技集团股份有限公司,1104,饲料,7601040000000000,20081231,3607178593.46,739617071.97,20100129,
263,002385.SZ,北京大北农科技集团股份有限公司,1104,饲料,7601040000000000,20090331,3607178593.46,739617071.97,20100129,
264,002385.SZ,北京大北农科技集团股份有限公司,1104,饲料,7601040000000000,20090630,3607178593.46,739617071.97,20100129,
265,002385.SZ,北京大北农科技集团股份有限公司,1104,饲料,7601040000000000,20090930,3607178593.46,739617071.97,20100129,
266,002385.SZ,北京大北农科技集团股份有限公司,1104,饲料,7601040000000000,20091231,3975377635.82,957577279.64,20100129,
267,002385.SZ,北京大北农科技集团股份有限公司,1104,饲料,7601040000000000,20100331,4261446804.97,957577279.64,20100129,
268,002385.SZ,北京大北农科技集团股份有限公司,1104,饲料,7601040000000000,20100630,4563091536.28,957577279.64,20100129,
269,002385.SZ,北京大北农科技集团股份有限公司,1104,饲料,7601040000000000,20100930,4870081784.18,1121762926.41,20100129,
270,002385.SZ,北京大北农科技集团股份有限公司,1104,饲料,7601040000000000,20101231,5248384826.76,1202193563.18,20100129,
271,002385.SZ,北京大北农科技集团股份有限公司,1104,饲料,7601040000000000,20110331,5565781664.14,1281958346.08,20100129,
272,002385.SZ,北京大北农科技集团股份有限公司,1104,饲料,7601040000000000,20110630,6097361831.92,1372635841.63,20100129,
273,002385.SZ,北京大北农科技集团股份有限公司,1104,饲料,7601040000000000,20110930,6880003038.68,1498823590.59,20100129,
274,002385.SZ,北京大北农科技集团股份有限公司,1104,饲料,7601040000000000,20111231,7835999796.19,1684912813.35,20100129,
275,002385.SZ,北京大北农科技集团股份有限公司,1104,饲料,7601040000000000,20120331,8499314144.3,1834575225.83,20100129,
276,002385.SZ,北京大北农科技集团股份有限公司,1104,饲料,7601040000000000,20120630,9160791193.44,1970682130.45,20100129,
277,002385.SZ,北京大北农科技集团股份有限公司,1104,饲料,7601040000000000,20120930,9848736698.48,2100293595.29,20100129,
278,002385.SZ,北京大北农科技集团股份有限公司,1104,饲料,7601040000000000,20121231,10639570117.84,2281706447.26,20100129,
279,002385.SZ,北京大北农科技集团股份有限公司,1104,饲料,7601040000000000,20130331,11453263769.81,2422976799.39,20100129,
280,002385.SZ,北京大北农科技集团股份有限公司,1104,饲料,7601040000000000,20130630,12671250314.15,2654896519.27,20100129,
281,002385.SZ,北京大北农科技集团股份有限公司,1104,饲料,7601040000000000,20130930,14490728187.58,2953456227.07,20100129,
282,002385.SZ,北京大北农科技集团股份有限公司,1104,饲料,7601040000000000,20131231,16661124004.23,3454814639.59,20100129,
283,002385.SZ,北京大北农科技集团股份有限公司,1104,饲料,7601040000000000,20140331,17763714085.16,3694415999.05,20100129,
284,002385.SZ,北京大北农科技集团股份有限公司,1104,饲料,7601040000000000,20140630,18387030418.99,3894287528.92,20100129,
285,002385.SZ,北京大北农科技集团股份有限公司,1104,饲料,7601040000000000,20140930,18711991146.03,4046313197.11,20100129,
286,002385.SZ,北京大北农科技集团股份有限公司,1104,饲料,7601040000000000,20141231,18444915959.83,4053592809.27,20100129,
287,002385.SZ,北京大北农科技集团股份有限公司,1104,饲料,7601040000000000,20150331,17912743549.69,3980647102.48,20100129,
288,002385.SZ,北京大北农科技集团股份有限公司,1104,饲料,7601040000000000,20150630,17561696539.63,3935188411.24,20100129,
289,002385.SZ,北京大北农科技集团股份有限公司,1104,饲料,7601040000000000,20150930,16906949099.78,3920619938.29,20100129,
290,002385.SZ,北京大北农科技集团股份有限公司,1104,饲料,7601040000000000,20151231,16098085185.45,3910095386.71,20100129,
291,002385.SZ,北京大北农科技集团股份有限公司,1104,饲料,7601040000000000,20160331,15891164767.07,3989206842.7,20100129,
292,002385.SZ,北京大北农科技集团股份有限公司,1104,饲料,7601040000000000,20160630,16150384788.2,4193022139.38,20100129,
293,002385.SZ,北京大北农科技集团股份有限公司,1104,饲料,7601040000000000,20160930,16279291832.18,4204780362.93,20100129,
294,002385.SZ,北京大北农科技集团股份有限公司,1104,饲料,7601040000000000,20161231,16840937066.6,4190625588.31,20100129,
295,002385.SZ,北京大北农科技集团股份有限公司,1104,饲料,7601040000000000,20170331,17528457127.48,4280166947.96,20100129,
296,002385.SZ,北京大北农科技集团股份有限公司,1104,饲料,7601040000000000,20170630,17831482208.49,4308816031.41,20100129,
297,002385.SZ,北京大北农科技集团股份有限公司,1104,饲料,7601040000000000,20170930,18388764388.82,4486969377.42,20100129,
298,002385.SZ,北京大北农科技集团股份有限公司,1104,饲料,7601040000000000,20171231,18741738574.13,4529975083.13,20100129,
299,002385.SZ,北京大北农科技集团股份有限公司,1104,饲料,7601040000000000,20180331,19375527524.38,4544239726.66,20100129,
300,002385.SZ,北京大北农科技集团股份有限公司,1104,饲料,7601040000000000,20180630,19430318380.87,4140291694.4,20100129,
301,002385.SZ,北京大北农科技集团股份有限公司,1104,饲料,7601040000000000,20180930,19574738422.38,3929087838.16,20100129,
302,002385.SZ,北京大北农科技集团股份有限公司,1104,饲料,7601040000000000,20181231,19302066717.55,3609050166.14,20100129,
303,002385.SZ,北京大北农科技集团股份有限公司,1104,饲料,7601040000000000,20190331,18758165768.68,3295334807.65,20100129,
304,002385.SZ,北京大北农科技集团股份有限公司,1104,饲料,7601040000000000,20190630,18370834899.72,3340880539.5,20100129,
305,002385.SZ,北京大北农科技集团股份有限公司,1104,饲料,7601040000000000,20190930,17307303013.78,3190897073.84,20100129,
306,002385.SZ,北京大北农科技集团股份有限公司,1104,饲料,7601040000000000,20191231,16577901766.95,3301137189.31,20100129,
307,002385.SZ,北京大北农科技集团股份有限公司,1104,饲料,7601040000000000,20200331,16601612881.08,3631849090.81,20100129,
308,002385.SZ,北京大北农科技集团股份有限公司,1104,饲料,7601040000000000,20200630,17427487936.72,4044691920.06,20100129,
309,002385.SZ,北京大北农科技集团股份有限公司,1104,饲料,7601040000000000,20200930,19620881768.71,4720240633.99,20100129,
310,002385.SZ,北京大北农科技集团股份有限公司,1104,饲料,7601040000000000,20201231,22813861332.61,5025602845.0,20100129,
311,002385.SZ,北京大北农科技集团股份有限公司,1104,饲料,7601040000000000,20210331,26134589356.05,5222795494.22,20100129,
312,002385.SZ,北京大北农科技集团股份有限公司,1104,饲料,7601040000000000,20210630,29090200462.32,5015151663.98,20100129,
313,002385.SZ,北京大北农科技集团股份有限公司,1104,饲料,7601040000000000,20210930,30988911231.07,3970139553.98,20100129,
314,002385.SZ,北京大北农科技集团股份有限公司,1104,饲料,7601040000000000,20211231,31328078121.44,3274244323.13,20100129,
315,002385.SZ,北京大北农科技集团股份有限公司,1104,饲料,7601040000000000,20220331,30386094224.56,2702227270.75,20100129,
316,002385.SZ,北京大北农科技集团股份有限公司,1104,饲料,7601040000000000,20220630,29453141420.38,2400945178.87,20100129,
317,002385.SZ,北京大北农科技集团股份有限公司,1104,饲料,7601040000000000,20220930,29980989834.36,3179364836.66,20100129,
318,002385.SZ,北京大北农科技集团股份有限公司,1104,饲料,7601040000000000,20221231,32396746022.43,4232440792.46,20100129,
319,002385.SZ,北京大北农科技集团股份有限公司,1104,饲料,7601040000000000,20230331,33712262922.47,4241070009.26,20100129,
320,002548.SZ,深圳市金新农科技股份有限公司,1104,饲料,7601040000000000,20071231,575524148.57,74866170.46,20110110,
321,002548.SZ,深圳市金新农科技股份有限公司,1104,饲料,7601040000000000,20081231,904781761.51,136075367.79,20110110,
322,002548.SZ,深圳市金新农科技股份有限公司,1104,饲料,7601040000000000,20090930,904781761.51,136075367.79,20110110,
323,002548.SZ,深圳市金新农科技股份有限公司,1104,饲料,7601040000000000,20091231,1056228604.26,163537972.57,20110110,
324,002548.SZ,深圳市金新农科技股份有限公司,1104,饲料,7601040000000000,20100331,1056228604.26,163537972.57,20110110,
325,002548.SZ,深圳市金新农科技股份有限公司,1104,饲料,7601040000000000,20100630,1056228604.26,163537972.57,20110110,
326,002548.SZ,深圳市金新农科技股份有限公司,1104,饲料,7601040000000000,20100930,1151186500.7,163537972.57,20110110,
327,002548.SZ,深圳市金新农科技股份有限公司,1104,饲料,7601040000000000,20101231,1149737429.68,163746748.53,20110110,
328,002548.SZ,深圳市金新农科技股份有限公司,1104,饲料,7601040000000000,20110331,1162997394.27,163746748.53,20110110,
329,002548.SZ,深圳市金新农科技股份有限公司,1104,饲料,7601040000000000,20110630,1223672754.3,171310012.22,20110110,
330,002548.SZ,深圳市金新农科技股份有限公司,1104,饲料,7601040000000000,20110930,1364277328.58,178742611.85,20110110,
331,002548.SZ,深圳市金新农科技股份有限公司,1104,饲料,7601040000000000,20111231,1491570829.71,189344810.52,20110110,
332,002548.SZ,深圳市金新农科技股份有限公司,1104,饲料,7601040000000000,20120331,1603518551.8,201675177.62,20110110,
333,002548.SZ,深圳市金新农科技股份有限公司,1104,饲料,7601040000000000,20120630,1700184876.74,210225713.88,20110110,
334,002548.SZ,深圳市金新农科技股份有限公司,1104,饲料,7601040000000000,20120930,1739877980.15,215923759.6,20110110,
335,002548.SZ,深圳市金新农科技股份有限公司,1104,饲料,7601040000000000,20121231,1768750161.08,214082854.51,20110110,
336,002548.SZ,深圳市金新农科技股份有限公司,1104,饲料,7601040000000000,20130331,1792032097.9,213538171.27,20110110,
337,002548.SZ,深圳市金新农科技股份有限公司,1104,饲料,7601040000000000,20130630,1823034746.25,212741938.14,20110110,
338,002548.SZ,深圳市金新农科技股份有限公司,1104,饲料,7601040000000000,20130930,1904427115.99,221301513.21,20110110,
339,002548.SZ,深圳市金新农科技股份有限公司,1104,饲料,7601040000000000,20131231,1989917480.77,234998866.92,20110110,
340,002548.SZ,深圳市金新农科技股份有限公司,1104,饲料,7601040000000000,20140331,2074020545.92,252163564.45,20110110,
341,002548.SZ,深圳市金新农科技股份有限公司,1104,饲料,7601040000000000,20140630,2070392382.08,262190779.14,20110110,
342,002548.SZ,深圳市金新农科技股份有限公司,1104,饲料,7601040000000000,20140930,2020461847.88,270638120.36,20110110,
343,002548.SZ,深圳市金新农科技股份有限公司,1104,饲料,7601040000000000,20141231,1987826458.9,281676863.57,20110110,
344,002548.SZ,深圳市金新农科技股份有限公司,1104,饲料,7601040000000000,20150331,1981341284.74,288224528.59,20110110,
345,002548.SZ,深圳市金新农科技股份有限公司,1104,饲料,7601040000000000,20150630,2302232239.21,295688581.71,20110110,
346,002548.SZ,深圳市金新农科技股份有限公司,1104,饲料,7601040000000000,20150930,2459112797.4,345461171.69,20110110,
347,002548.SZ,深圳市金新农科技股份有限公司,1104,饲料,7601040000000000,20151231,2504853176.52,351464760.14,20110110,
348,002548.SZ,深圳市金新农科技股份有限公司,1104,饲料,7601040000000000,20160331,2615443827.31,377494367.11,20110110,
349,002548.SZ,深圳市金新农科技股份有限公司,1104,饲料,7601040000000000,20160630,2408490445.12,414436278.49,20110110,
350,002548.SZ,深圳市金新农科技股份有限公司,1104,饲料,7601040000000000,20160930,2553906179.18,412480860.36,20110110,
351,002548.SZ,深圳市金新农科技股份有限公司,1104,饲料,7601040000000000,20161231,2762858232.92,415545329.31,20110110,
352,002548.SZ,深圳市金新农科技股份有限公司,1104,饲料,7601040000000000,20170331,3021625252.77,466136029.62,20110110,
353,002548.SZ,深圳市金新农科技股份有限公司,1104,饲料,7601040000000000,20170630,3081150741.3,507027805.79,20110110,
354,002548.SZ,深圳市金新农科技股份有限公司,1104,饲料,7601040000000000,20170930,3193030745.32,531445038.27,20110110,
355,002548.SZ,深圳市金新农科技股份有限公司,1104,饲料,7601040000000000,20171231,3061354021.55,565206624.34,20110110,
356,002548.SZ,深圳市金新农科技股份有限公司,1104,饲料,7601040000000000,20180331,2951496221.8,526147956.41,20110110,
357,002548.SZ,深圳市金新农科技股份有限公司,1104,饲料,7601040000000000,20180630,2983206180.22,456264930.18,20110110,
358,002548.SZ,深圳市金新农科技股份有限公司,1104,饲料,7601040000000000,20180930,2797933003.05,405920006.6,20110110,
359,002548.SZ,深圳市金新农科技股份有限公司,1104,饲料,7601040000000000,20181231,2800624074.89,412963928.46,20110110,
360,002548.SZ,深圳市金新农科技股份有限公司,1104,饲料,7601040000000000,20190331,2663553647.19,410562189.85,20110110,
361,002548.SZ,深圳市金新农科技股份有限公司,1104,饲料,7601040000000000,20190630,2654763604.92,463721820.09,20110110,
362,002548.SZ,深圳市金新农科技股份有限公司,1104,饲料,7601040000000000,20190930,2481854419.95,520389326.2,20110110,
363,002548.SZ,深圳市金新农科技股份有限公司,1104,饲料,7601040000000000,20191231,2400007144.16,560677176.03,20110110,
364,002548.SZ,深圳市金新农科技股份有限公司,1104,饲料,7601040000000000,20200331,2414977586.43,631129696.85,20110110,
365,002548.SZ,深圳市金新农科技股份有限公司,1104,饲料,7601040000000000,20200630,2497664965.3,773274849.17,20110110,
366,002548.SZ,深圳市金新农科技股份有限公司,1104,饲料,7601040000000000,20200930,2944159131.1,984443992.43,20110110,
367,002548.SZ,深圳市金新农科技股份有限公司,1104,饲料,7601040000000000,20201231,4069241396.79,1152439104.9,20110110,
368,002548.SZ,深圳市金新农科技股份有限公司,1104,饲料,7601040000000000,20210331,4710837507.34,1351748186.72,20110110,
369,002548.SZ,深圳市金新农科技股份有限公司,1104,饲料,7601040000000000,20210630,5325146271.51,1272035975.08,20110110,
370,002548.SZ,深圳市金新农科技股份有限公司,1104,饲料,7601040000000000,20210930,5386908960.7,932502651.08,20110110,
371,002548.SZ,深圳市金新农科技股份有限公司,1104,饲料,7601040000000000,20211231,4867040473.69,592035210.07,20110110,
372,002548.SZ,深圳市金新农科技股份有限公司,1104,饲料,7601040000000000,20220331,4678798381.5,202745352.23,20110110,
373,002548.SZ,深圳市金新农科技股份有限公司,1104,饲料,7601040000000000,20220630,4180379243.56,71384035.12,20110110,
374,002548.SZ,深圳市金新农科技股份有限公司,1104,饲料,7601040000000000,20220930,4199626700.1,209779438.82,20110110,
375,002548.SZ,深圳市金新农科技股份有限公司,1104,饲料,7601040000000000,20221231,3973936151.86,387637085.6,20110110,
376,002548.SZ,深圳市金新农科技股份有限公司,1104,饲料,7601040000000000,20230331,3993636562.61,440603221.32,20110110,
377,002567.SZ,唐人神集团股份有限公司,1104,饲料,7601040000000000,20071231,2485212959.21,227915528.58,20110117,
378,002567.SZ,唐人神集团股份有限公司,1104,饲料,7601040000000000,20081231,3254488591.11,307089772.98,20110117,
379,002567.SZ,唐人神集团股份有限公司,1104,饲料,7601040000000000,20091231,3748478880.19,388753746.3,20110117,
380,002567.SZ,唐人神集团股份有限公司,1104,饲料,7601040000000000,20100331,3748478880.19,388753746.3,20110117,
381,002567.SZ,唐人神集团股份有限公司,1104,饲料,7601040000000000,20100630,3748478880.19,388753746.3,20110117,
382,002567.SZ,唐人神集团股份有限公司,1104,饲料,7601040000000000,20100930,3748478880.19,388753746.3,20110117,
383,002567.SZ,唐人神集团股份有限公司,1104,饲料,7601040000000000,20101231,4379681542.07,427144891.03,20110117,
384,002567.SZ,唐人神集团股份有限公司,1104,饲料,7601040000000000,20110331,4383316830.29,427144891.03,20110117,
385,002567.SZ,唐人神集团股份有限公司,1104,饲料,7601040000000000,20110630,4590545519.3,435311155.06,20110117,
386,002567.SZ,唐人神集团股份有限公司,1104,饲料,7601040000000000,20110930,5171547505.8,427144891.03,20110117,
387,002567.SZ,唐人神集团股份有限公司,1104,饲料,7601040000000000,20111231,5701995708.17,524116296.23,20110117,
388,002567.SZ,唐人神集团股份有限公司,1104,饲料,7601040000000000,20120331,6118291500.16,576529117.75,20110117,
389,002567.SZ,唐人神集团股份有限公司,1104,饲料,7601040000000000,20120630,6496677829.08,625325338.5,20110117,
390,002567.SZ,唐人神集团股份有限公司,1104,饲料,7601040000000000,20120930,6666863685.72,659815974.31,20110117,
391,002567.SZ,唐人神集团股份有限公司,1104,饲料,7601040000000000,20121231,6719702251.27,667112431.56,20110117,
392,002567.SZ,唐人神集团股份有限公司,1104,饲料,7601040000000000,20130331,6742094113.67,672546915.84,20110117,
393,002567.SZ,唐人神集团股份有限公司,1104,饲料,7601040000000000,20130630,6804155584.21,670040045.31,20110117,
394,002567.SZ,唐人神集团股份有限公司,1104,饲料,7601040000000000,20130930,6823807394.13,671860265.82,20110117,
395,002567.SZ,唐人神集团股份有限公司,1104,饲料,7601040000000000,20131231,7122288647.21,680860636.6,20110117,
396,002567.SZ,唐人神集团股份有限公司,1104,饲料,7601040000000000,20140331,7778567560.39,730516914.94,20110117,
397,002567.SZ,唐人神集团股份有限公司,1104,饲料,7601040000000000,20140630,8557825541.91,776889226.78,20110117,
398,002567.SZ,唐人神集团股份有限公司,1104,饲料,7601040000000000,20140930,9612960272.98,868615116.04,20110117,
399,002567.SZ,唐人神集团股份有限公司,1104,饲料,7601040000000000,20141231,10071256184.54,918306817.71,20110117,
400,002567.SZ,唐人神集团股份有限公司,1104,饲料,7601040000000000,20150331,10010846718.55,903771013.66,20110117,
401,002567.SZ,唐人神集团股份有限公司,1104,饲料,7601040000000000,20150630,10151193657.71,926059933.18,20110117,
402,002567.SZ,唐人神集团股份有限公司,1104,饲料,7601040000000000,20150930,9802112450.31,901034862.83,20110117,
403,002567.SZ,唐人神集团股份有限公司,1104,饲料,7601040000000000,20151231,9414570654.93,909750465.09,20110117,
404,002567.SZ,唐人神集团股份有限公司,1104,饲料,7601040000000000,20160331,9362796281.73,935736806.63,20110117,
405,002567.SZ,唐人神集团股份有限公司,1104,饲料,7601040000000000,20160630,9416862996.67,975792114.42,20110117,
406,002567.SZ,唐人神集团股份有限公司,1104,饲料,7601040000000000,20160930,9951434659.84,998176604.56,20110117,
407,002567.SZ,唐人神集团股份有限公司,1104,饲料,7601040000000000,20161231,10884141711.04,1030731929.61,20110117,
408,002567.SZ,唐人神集团股份有限公司,1104,饲料,7601040000000000,20170331,11973646855.86,1112054455.95,20110117,
409,002567.SZ,唐人神集团股份有限公司,1104,饲料,7601040000000000,20170630,12814926105.74,1201050347.02,20110117,
410,002567.SZ,唐人神集团股份有限公司,1104,饲料,7601040000000000,20170930,13418729842.39,1291611706.67,20110117,
411,002567.SZ,唐人神集团股份有限公司,1104,饲料,7601040000000000,20171231,13735222301.67,1423715658.67,20110117,
412,002567.SZ,唐人神集团股份有限公司,1104,饲料,7601040000000000,20180331,13959220192.99,1434340392.19,20110117,
413,002567.SZ,唐人神集团股份有限公司,1104,饲料,7601040000000000,20180630,14036009317.4,1381059190.99,20110117,
414,002567.SZ,唐人神集团股份有限公司,1104,饲料,7601040000000000,20180930,14456223472.1,1387241728.45,20110117,
415,002567.SZ,唐人神集团股份有限公司,1104,饲料,7601040000000000,20181231,15421982143.18,1285392543.22,20110117,
416,002567.SZ,唐人神集团股份有限公司,1104,饲料,7601040000000000,20190331,15494540914.69,1255484330.32,20110117,
417,002567.SZ,唐人神集团股份有限公司,1104,饲料,7601040000000000,20190630,15866764930.09,1341878462.76,20110117,
418,002567.SZ,唐人神集团股份有限公司,1104,饲料,7601040000000000,20190930,15664843072.26,1363187178.92,20110117,
419,002567.SZ,唐人神集团股份有限公司,1104,饲料,7601040000000000,20191231,15355046856.5,1466581960.52,20110117,
420,002567.SZ,唐人神集团股份有限公司,1104,饲料,7601040000000000,20200331,15598772306.05,1728826963.8,20110117,
421,002567.SZ,唐人神集团股份有限公司,1104,饲料,7601040000000000,20200630,15976490561.06,1935842400.74,20110117,
422,002567.SZ,唐人神集团股份有限公司,1104,饲料,7601040000000000,20200930,17305324945.51,2244633019.94,20110117,
423,002567.SZ,唐人神集团股份有限公司,1104,饲料,7601040000000000,20201231,18526853339.68,2467188297.74,20110117,
424,002567.SZ,唐人神集团股份有限公司,1104,饲料,7601040000000000,20210331,19950898003.1,2617688481.43,20110117,
425,002567.SZ,唐人神集团股份有限公司,1104,饲料,7601040000000000,20210630,21463962336.22,2457855341.59,20110117,
426,002567.SZ,唐人神集团股份有限公司,1104,饲料,7601040000000000,20210930,21513573605.01,1801461844.39,20110117,
427,002567.SZ,唐人神集团股份有限公司,1104,饲料,7601040000000000,20211231,21742194242.67,1327984255.21,20110117,
428,002567.SZ,唐人神集团股份有限公司,1104,饲料,7601040000000000,20220331,21624031185.57,866840796.72,20110117,
429,002567.SZ,唐人神集团股份有限公司,1104,饲料,7601040000000000,20220630,22289127055.72,923485156.54,20110117,
430,002567.SZ,唐人神集团股份有限公司,1104,饲料,7601040000000000,20220930,24175117939.4,1684155885.23,20110117,
431,002567.SZ,唐人神集团股份有限公司,1104,饲料,7601040000000000,20221231,26538580161.48,2061801901.65,20110117,
432,002567.SZ,唐人神集团股份有限公司,1104,饲料,7601040000000000,20230331,28154471531.02,1988780137.86,20110117,
433,002696.SZ,百洋产业投资集团股份有限公司,1104,饲料,7601040000000000,20081231,412115123.96,55347153.84,20220729,
434,002696.SZ,百洋产业投资集团股份有限公司,1104,饲料,7601040000000000,20091231,449703724.05,69812737.01,20220729,
435,002696.SZ,百洋产业投资集团股份有限公司,1104,饲料,7601040000000000,20101231,770175015.95,110403668.57,20220729,
436,002696.SZ,百洋产业投资集团股份有限公司,1104,饲料,7601040000000000,20110930,770175015.95,110403668.57,20220729,
437,002696.SZ,百洋产业投资集团股份有限公司,1104,饲料,7601040000000000,20111231,1012897705.39,142915806.67,20220729,
438,002696.SZ,百洋产业投资集团股份有限公司,1104,饲料,7601040000000000,20120331,1012897705.39,142915806.67,20220729,
439,002696.SZ,百洋产业投资集团股份有限公司,1104,饲料,7601040000000000,20120630,1012897705.39,142915806.67,20220729,
440,002696.SZ,百洋产业投资集团股份有限公司,1104,饲料,7601040000000000,20120930,1141432655.25,167445596.17,20220729,
441,002696.SZ,百洋产业投资集团股份有限公司,1104,饲料,7601040000000000,20121231,1170783846.74,163100056.75,20220729,
442,002696.SZ,百洋产业投资集团股份有限公司,1104,饲料,7601040000000000,20130331,1193843468.64,163100056.75,20220729,
443,002696.SZ,百洋产业投资集团股份有限公司,1104,饲料,7601040000000000,20130630,1244922869.85,154081213.78,20220729,
444,002696.SZ,百洋产业投资集团股份有限公司,1104,饲料,7601040000000000,20130930,1280295559.16,146990378.06,20220729,
445,002696.SZ,百洋产业投资集团股份有限公司,1104,饲料,7601040000000000,20131231,1349625914.9,158017687.98,20220729,
446,002696.SZ,百洋产业投资集团股份有限公司,1104,饲料,7601040000000000,20140331,1397732527.81,167447430.54,20220729,
447,002696.SZ,百洋产业投资集团股份有限公司,1104,饲料,7601040000000000,20140630,1507739558.72,183206907.81,20220729,
448,002696.SZ,百洋产业投资集团股份有限公司,1104,饲料,7601040000000000,20140930,1576295691.76,192304228.69,20220729,
449,002696.SZ,百洋产业投资集团股份有限公司,1104,饲料,7601040000000000,20141231,1780815051.84,203717240.8,20220729,
450,002696.SZ,百洋产业投资集团股份有限公司,1104,饲料,7601040000000000,20150331,1871549498.87,202528951.48,20220729,
451,002696.SZ,百洋产业投资集团股份有限公司,1104,饲料,7601040000000000,20150630,1843704256.74,202125201.43,20220729,
452,002696.SZ,百洋产业投资集团股份有限公司,1104,饲料,7601040000000000,20150930,1907485421.08,215856433.78,20220729,
453,002696.SZ,百洋产业投资集团股份有限公司,1104,饲料,7601040000000000,20151231,1863739460.06,226128795.85,20220729,
454,002696.SZ,百洋产业投资集团股份有限公司,1104,饲料,7601040000000000,20160331,1887854888.08,234430474.14,20220729,
455,002696.SZ,百洋产业投资集团股份有限公司,1104,饲料,7601040000000000,20160630,2002271442.71,240394573.88,20220729,
456,002696.SZ,百洋产业投资集团股份有限公司,1104,饲料,7601040000000000,20160930,2059995164.94,244696891.67,20220729,
457,002696.SZ,百洋产业投资集团股份有限公司,1104,饲料,7601040000000000,20161231,2068525079.14,241512845.36,20220729,
458,002696.SZ,百洋产业投资集团股份有限公司,1104,饲料,7601040000000000,20170331,2134592914.79,246040896.55,20220729,
459,002696.SZ,百洋产业投资集团股份有限公司,1104,饲料,7601040000000000,20170630,2084442023.18,241719934.54,20220729,
460,002696.SZ,百洋产业投资集团股份有限公司,1104,饲料,7601040000000000,20170930,2172513160.27,310349369.63,20220729,
461,002696.SZ,百洋产业投资集团股份有限公司,1104,饲料,7601040000000000,20171231,2394128757.97,396501299.22,20220729,
462,002696.SZ,百洋产业投资集团股份有限公司,1104,饲料,7601040000000000,20180331,2508067642.52,480584239.96,20220729,
463,002696.SZ,百洋产业投资集团股份有限公司,1104,饲料,7601040000000000,20180630,2692644175.57,582760763.22,20220729,
464,002696.SZ,百洋产业投资集团股份有限公司,1104,饲料,7601040000000000,20180930,2984657001.87,689224958.2,20220729,
465,002696.SZ,百洋产业投资集团股份有限公司,1104,饲料,7601040000000000,20181231,3133583902.86,653304477.6,20220729,
466,002696.SZ,百洋产业投资集团股份有限公司,1104,饲料,7601040000000000,20190331,3179409673.32,651677602.89,20220729,
467,002696.SZ,百洋产业投资集团股份有限公司,1104,饲料,7601040000000000,20190630,3290385929.46,703519795.67,20220729,
468,002696.SZ,百洋产业投资集团股份有限公司,1104,饲料,7601040000000000,20190930,3061127396.8,659746258.95,20220729,
469,002696.SZ,百洋产业投资集团股份有限公司,1104,饲料,7601040000000000,20191231,2844133734.97,593010887.87,20220729,
470,002696.SZ,百洋产业投资集团股份有限公司,1104,饲料,7601040000000000,20200331,2727537213.38,521425889.42,20220729,
471,002696.SZ,百洋产业投资集团股份有限公司,1104,饲料,7601040000000000,20200630,2609672065.72,402815187.81,20220729,
472,002696.SZ,百洋产业投资集团股份有限公司,1104,饲料,7601040000000000,20200930,2543335503.71,291332104.07,20220729,
473,002696.SZ,百洋产业投资集团股份有限公司,1104,饲料,7601040000000000,20201231,2482574247.63,282389178.18,20220729,
474,002696.SZ,百洋产业投资集团股份有限公司,1104,饲料,7601040000000000,20210331,2510552583.36,284171589.43,20220729,
475,002696.SZ,百洋产业投资集团股份有限公司,1104,饲料,7601040000000000,20210630,2526734187.54,242832642.67,20220729,
476,002696.SZ,百洋产业投资集团股份有限公司,1104,饲料,7601040000000000,20210930,2735804379.21,261051647.15,20220729,
477,002696.SZ,百洋产业投资集团股份有限公司,1104,饲料,7601040000000000,20211231,2905284846.26,301430114.17,20220729,
478,002696.SZ,百洋产业投资集团股份有限公司,1104,饲料,7601040000000000,20220331,3054955781.1,309513069.08,20220729,
479,002696.SZ,百洋产业投资集团股份有限公司,1104,饲料,7601040000000000,20220630,3217794308.2,363195545.16,20220729,
480,002696.SZ,百洋产业投资集团股份有限公司,1104,饲料,7601040000000000,20220930,3224762193.39,382050918.62,20220729,
481,002696.SZ,百洋产业投资集团股份有限公司,1104,饲料,7601040000000000,20221231,3213988743.45,385943956.47,20220729,
482,002696.SZ,百洋产业投资集团股份有限公司,1104,饲料,7601040000000000,20230331,3154513184.97,375954293.7,20220729,
483,002891.SZ,烟台中宠食品股份有限公司,1104,饲料,7601040000000000,20131231,506531182.43,77766223.22,20170825,
484,002891.SZ,烟台中宠食品股份有限公司,1104,饲料,7601040000000000,20141231,491127817.18,93531352.24,20170825,
485,002891.SZ,烟台中宠食品股份有限公司,1104,饲料,7601040000000000,20151231,648220008.7,151976887.42,20170825,
486,002891.SZ,烟台中宠食品股份有限公司,1104,饲料,7601040000000000,20160331,648220008.7,151976887.42,20170825,
487,002891.SZ,烟台中宠食品股份有限公司,1104,饲料,7601040000000000,20160630,648220008.7,151976887.42,20170825,
488,002891.SZ,烟台中宠食品股份有限公司,1104,饲料,7601040000000000,20160930,648220008.7,151976887.42,20170825,
489,002891.SZ,烟台中宠食品股份有限公司,1104,饲料,7601040000000000,20161231,790946391.35,212664497.54,20170825,
490,002891.SZ,烟台中宠食品股份有限公司,1104,饲料,7601040000000000,20170331,790946391.35,212664497.54,20170825,
491,002891.SZ,烟台中宠食品股份有限公司,1104,饲料,7601040000000000,20170630,882668110.55,244064539.62,20170825,
492,002891.SZ,烟台中宠食品股份有限公司,1104,饲料,7601040000000000,20170930,949391066.21,250665998.94,20170825,
493,002891.SZ,烟台中宠食品股份有限公司,1104,饲料,7601040000000000,20171231,1015351672.8,251954513.02,20170825,
494,002891.SZ,烟台中宠食品股份有限公司,1104,饲料,7601040000000000,20180331,1075504284.86,249614689.08,20170825,
495,002891.SZ,烟台中宠食品股份有限公司,1104,饲料,7601040000000000,20180630,1196203919.81,258047465.23,20170825,
496,002891.SZ,烟台中宠食品股份有限公司,1104,饲料,7601040000000000,20180930,1299194902.9,282607417.46,20170825,
497,002891.SZ,烟台中宠食品股份有限公司,1104,饲料,7601040000000000,20181231,1412258319.87,329199397.27,20170825,
498,002891.SZ,烟台中宠食品股份有限公司,1104,饲料,7601040000000000,20190331,1515966592.34,350319625.08,20170825,
499,002891.SZ,烟台中宠食品股份有限公司,1104,饲料,7601040000000000,20190630,1551953400.36,372818320.28,20170825,
500,002891.SZ,烟台中宠食品股份有限公司,1104,饲料,7601040000000000,20190930,1617100697.6,396095129.77,20170825,
501,002891.SZ,烟台中宠食品股份有限公司,1104,饲料,7601040000000000,20191231,1716238572.56,408480399.02,20170825,
502,002891.SZ,烟台中宠食品股份有限公司,1104,饲料,7601040000000000,20200331,1708509754.99,421102816.98,20170825,
503,002891.SZ,烟台中宠食品股份有限公司,1104,饲料,7601040000000000,20200630,1917558237.94,474148685.81,20170825,
504,002891.SZ,烟台中宠食品股份有限公司,1104,饲料,7601040000000000,20200930,2121219450.21,537761184.04,20170825,
505,002891.SZ,烟台中宠食品股份有限公司,1104,饲料,7601040000000000,20201231,2232754482.14,551483611.07,20170825,
506,002891.SZ,烟台中宠食品股份有限公司,1104,饲料,7601040000000000,20210331,2419909011.6,582674873.92,20170825,
507,002891.SZ,烟台中宠食品股份有限公司,1104,饲料,7601040000000000,20210630,2501676851.25,579119363.06,20170825,
508,002891.SZ,烟台中宠食品股份有限公司,1104,饲料,7601040000000000,20210930,2624752503.58,550067204.36,20170825,
509,002891.SZ,烟台中宠食品股份有限公司,1104,饲料,7601040000000000,20211231,2881552747.12,577746848.63,20170825,
510,002891.SZ,烟台中宠食品股份有限公司,1104,饲料,7601040000000000,20220331,3114420785.13,601548642.6,20170825,
511,002891.SZ,烟台中宠食品股份有限公司,1104,饲料,7601040000000000,20220630,3213712363.76,610268215.01,20170825,
512,002891.SZ,烟台中宠食品股份有限公司,1104,饲料,7601040000000000,20220930,3311666661.16,638382252.12,20170825,
513,002891.SZ,烟台中宠食品股份有限公司,1104,饲料,7601040000000000,20221231,3247989088.68,642755502.9,20170825,
514,002891.SZ,烟台中宠食品股份有限公司,1104,饲料,7601040000000000,20230331,3160800123.14,668252033.7,20170825,
515,300673.SZ,佩蒂动物营养科技股份有限公司,1104,饲料,7601040000000000,20121231,445594562.5,93080348.36,20170711,
516,300673.SZ,佩蒂动物营养科技股份有限公司,1104,饲料,7601040000000000,20131231,387511632.64,98677083.91,20170711,
517,300673.SZ,佩蒂动物营养科技股份有限公司,1104,饲料,7601040000000000,20140630,387511632.64,98677083.91,20170711,
518,300673.SZ,佩蒂动物营养科技股份有限公司,1104,饲料,7601040000000000,20141231,397431260.31,95287889.39,20170711,
519,300673.SZ,佩蒂动物营养科技股份有限公司,1104,饲料,7601040000000000,20150630,424977467.88,95287889.39,20170711,
520,300673.SZ,佩蒂动物营养科技股份有限公司,1104,饲料,7601040000000000,20151231,497395499.5,136130923.84,20170711,
521,300673.SZ,佩蒂动物营养科技股份有限公司,1104,饲料,7601040000000000,20160331,497395499.5,136130923.84,20170711,
522,300673.SZ,佩蒂动物营养科技股份有限公司,1104,饲料,7601040000000000,20160630,552474487.61,152490834.37,20170711,
523,300673.SZ,佩蒂动物营养科技股份有限公司,1104,饲料,7601040000000000,20160930,497395499.5,136130923.84,20170711,
524,300673.SZ,佩蒂动物营养科技股份有限公司,1104,饲料,7601040000000000,20161231,550572424.8,162556422.23,20170711,
525,300673.SZ,佩蒂动物营养科技股份有限公司,1104,饲料,7601040000000000,20170331,554909841.73,166163434.13,20170711,
526,300673.SZ,佩蒂动物营养科技股份有限公司,1104,饲料,7601040000000000,20170630,561777673.34,181253254.91,20170711,
527,300673.SZ,佩蒂动物营养科技股份有限公司,1104,饲料,7601040000000000,20170930,586165265.03,197630105.86,20170711,
528,300673.SZ,佩蒂动物营养科技股份有限公司,1104,饲料,7601040000000000,20171231,631997948.04,235562126.12,20170711,
529,300673.SZ,佩蒂动物营养科技股份有限公司,1104,饲料,7601040000000000,20180331,685656559.02,260169093.71,20170711,
530,300673.SZ,佩蒂动物营养科技股份有限公司,1104,饲料,7601040000000000,20180630,757174218.12,278317893.34,20170711,
531,300673.SZ,佩蒂动物营养科技股份有限公司,1104,饲料,7601040000000000,20180930,818672243.74,296209275.64,20170711,
532,300673.SZ,佩蒂动物营养科技股份有限公司,1104,饲料,7601040000000000,20181231,869321761.33,302188629.72,20170711,
533,300673.SZ,佩蒂动物营养科技股份有限公司,1104,饲料,7601040000000000,20190331,870790053.38,296149137.8,20170711,
534,300673.SZ,佩蒂动物营养科技股份有限公司,1104,饲料,7601040000000000,20190630,875655724.1,284940005.14,20170711,
535,300673.SZ,佩蒂动物营养科技股份有限公司,1104,饲料,7601040000000000,20190930,958865113.63,273706864.41,20170711,
536,300673.SZ,佩蒂动物营养科技股份有限公司,1104,饲料,7601040000000000,20191231,1008308858.53,251750470.98,20170711,
537,300673.SZ,佩蒂动物营养科技股份有限公司,1104,饲料,7601040000000000,20200331,1087332269.33,247942882.16,20170711,
538,300673.SZ,佩蒂动物营养科技股份有限公司,1104,饲料,7601040000000000,20200630,1189814937.62,286249879.2,20170711,
539,300673.SZ,佩蒂动物营养科技股份有限公司,1104,饲料,7601040000000000,20200930,1280851662.77,337667095.74,20170711,
540,300673.SZ,佩蒂动物营养科技股份有限公司,1104,饲料,7601040000000000,20201231,1339847990.63,341791476.16,20170711,
541,300673.SZ,佩蒂动物营养科技股份有限公司,1104,饲料,7601040000000000,20210331,1419487853.04,363332129.59,20170711,
542,300673.SZ,佩蒂动物营养科技股份有限公司,1104,饲料,7601040000000000,20210630,1469556620.53,372495965.22,20170711,
543,300673.SZ,佩蒂动物营养科技股份有限公司,1104,饲料,7601040000000000,20210930,1283125055.71,318083603.48,20170711,
544,300673.SZ,佩蒂动物营养科技股份有限公司,1104,饲料,7601040000000000,20211231,1270892609.92,291429500.99,20170711,
545,300673.SZ,佩蒂动物营养科技股份有限公司,1104,饲料,7601040000000000,20220331,1293431345.21,305734564.65,20170711,
546,300673.SZ,佩蒂动物营养科技股份有限公司,1104,饲料,7601040000000000,20220630,1405549904.94,338199196.0,20170711,
547,300673.SZ,佩蒂动物营养科技股份有限公司,1104,饲料,7601040000000000,20220930,1710260663.78,387087215.12,20170711,
548,300673.SZ,佩蒂动物营养科技股份有限公司,1104,饲料,7601040000000000,20221231,1731801870.99,386191932.79,20170711,
549,300673.SZ,佩蒂动物营养科技股份有限公司,1104,饲料,7601040000000000,20230331,1547053115.24,323797784.89,20170711,
550,603151.SH,山东邦基科技股份有限公司,1104,饲料,7601040000000000,20181231,1160103534.46,156421288.46,20220923,
551,603151.SH,山东邦基科技股份有限公司,1104,饲料,7601040000000000,20191231,1004665232.64,151512350.0,20220923,
552,603151.SH,山东邦基科技股份有限公司,1104,饲料,7601040000000000,20201231,1723841130.94,240187542.19,20220923,
553,603151.SH,山东邦基科技股份有限公司,1104,饲料,7601040000000000,20210630,1723841130.94,240187542.19,20220923,
554,603151.SH,山东邦基科技股份有限公司,1104,饲料,7601040000000000,20210930,1723841130.94,240187542.19,20220923,
555,603151.SH,山东邦基科技股份有限公司,1104,饲料,7601040000000000,20211231,2034916182.62,256065892.93,20220923,
556,603151.SH,山东邦基科技股份有限公司,1104,饲料,7601040000000000,20220331,2034916182.62,256065892.93,20220923,
557,603151.SH,山东邦基科技股份有限公司,1104,饲料,7601040000000000,20220630,1751356039.65,227283845.31,20220923,
558,603151.SH,山东邦基科技股份有限公司,1104,饲料,7601040000000000,20220930,1630752200.05,228044808.01,20220923,
559,603151.SH,山东邦基科技股份有限公司,1104,饲料,7601040000000000,20221231,1658462167.22,227699946.81,20220923,
560,603151.SH,山东邦基科技股份有限公司,1104,饲料,7601040000000000,20230331,1710697468.75,235201187.83,20220923,
561,603363.SH,福建傲农生物科技集团股份有限公司,1104,饲料,7601040000000000,20131231,2953809521.8,458757931.51,20170907,
562,603363.SH,福建傲农生物科技集团股份有限公司,1104,饲料,7601040000000000,20141231,4184442704.52,675660993.88,20170907,
563,603363.SH,福建傲农生物科技集团股份有限公司,1104,饲料,7601040000000000,20151231,4012709117.34,752581452.8,20170907,
564,603363.SH,福建傲农生物科技集团股份有限公司,1104,饲料,7601040000000000,20160930,4012709117.34,752581452.8,20170907,
565,603363.SH,福建傲农生物科技集团股份有限公司,1104,饲料,7601040000000000,20161231,4978470598.39,871178791.39,20170907,
566,603363.SH,福建傲农生物科技集团股份有限公司,1104,饲料,7601040000000000,20170331,4978470598.39,871178791.39,20170907,
567,603363.SH,福建傲农生物科技集团股份有限公司,1104,饲料,7601040000000000,20170630,4978470598.39,871178791.39,20170907,
568,603363.SH,福建傲农生物科技集团股份有限公司,1104,饲料,7601040000000000,20170930,4959640692.0,912137536.84,20170907,
569,603363.SH,福建傲农生物科技集团股份有限公司,1104,饲料,7601040000000000,20171231,4902660098.33,924490275.52,20170907,
570,603363.SH,福建傲农生物科技集团股份有限公司,1104,饲料,7601040000000000,20180331,5136880581.73,908759253.19,20170907,
571,603363.SH,福建傲农生物科技集团股份有限公司,1104,饲料,7601040000000000,20180630,5375892144.64,847302484.71,20170907,
572,603363.SH,福建傲农生物科技集团股份有限公司,1104,饲料,7601040000000000,20180930,5674929309.6,829033644.88,20170907,
573,603363.SH,福建傲农生物科技集团股份有限公司,1104,饲料,7601040000000000,20181231,5761891948.07,789159534.51,20170907,
574,603363.SH,福建傲农生物科技集团股份有限公司,1104,饲料,7601040000000000,20190331,5745538281.98,778333543.59,20170907,
575,603363.SH,福建傲农生物科技集团股份有限公司,1104,饲料,7601040000000000,20190630,5735762544.31,779097838.76,20170907,
576,603363.SH,福建傲农生物科技集团股份有限公司,1104,饲料,7601040000000000,20190930,5794184903.1,746030455.17,20170907,
577,603363.SH,福建傲农生物科技集团股份有限公司,1104,饲料,7601040000000000,20191231,5788080067.37,737563858.0,20170907,
578,603363.SH,福建傲农生物科技集团股份有限公司,1104,饲料,7601040000000000,20200331,6196778481.49,961398103.66,20170907,
579,603363.SH,福建傲农生物科技集团股份有限公司,1104,饲料,7601040000000000,20200630,7165241032.35,1271575463.52,20170907,
580,603363.SH,福建傲农生物科技集团股份有限公司,1104,饲料,7601040000000000,20200930,8860297127.6,1605109107.77,20170907,
581,603363.SH,福建傲农生物科技集团股份有限公司,1104,饲料,7601040000000000,20201231,11517165757.65,1988104289.63,20170907,
582,603363.SH,福建傲农生物科技集团股份有限公司,1104,饲料,7601040000000000,20210331,13662953512.18,2193223817.29,20170907,
583,603363.SH,福建傲农生物科技集团股份有限公司,1104,饲料,7601040000000000,20210630,15648808989.97,1853461041.51,20170907,
584,603363.SH,福建傲农生物科技集团股份有限公司,1104,饲料,7601040000000000,20210930,17504237965.62,1222918831.54,20170907,
585,603363.SH,福建傲农生物科技集团股份有限公司,1104,饲料,7601040000000000,20211231,18038160160.78,257655644.91,20170907,
586,603363.SH,福建傲农生物科技集团股份有限公司,1104,饲料,7601040000000000,20220331,18299313168.1,-449277414.09,20170907,
587,603363.SH,福建傲农生物科技集团股份有限公司,1104,饲料,7601040000000000,20220630,18635744491.81,-599254223.2,20170907,
588,603363.SH,福建傲农生物科技集团股份有限公司,1104,饲料,7601040000000000,20220930,20118704351.48,115628623.8,20170907,
589,603363.SH,福建傲农生物科技集团股份有限公司,1104,饲料,7601040000000000,20221231,21613039521.91,948240906.57,20170907,
590,603363.SH,福建傲农生物科技集团股份有限公司,1104,饲料,7601040000000000,20230331,22275721431.9,1128817123.43,20170907,
591,603609.SH,禾丰食品股份有限公司,1104,饲料,7601040000000000,20091231,4948740806.14,508420837.45,20140207,
592,603609.SH,禾丰食品股份有限公司,1104,饲料,7601040000000000,20101231,5643423521.04,570100934.79,20140207,
593,603609.SH,禾丰食品股份有限公司,1104,饲料,7601040000000000,20111231,7256753774.58,717108554.91,20140207,
594,603609.SH,禾丰食品股份有限公司,1104,饲料,7601040000000000,20121231,8138519510.35,759208604.33,20140207,
595,603609.SH,禾丰食品股份有限公司,1104,饲料,7601040000000000,20130630,8138519510.35,759208604.33,20140207,
596,603609.SH,禾丰食品股份有限公司,1104,饲料,7601040000000000,20130930,8138519510.35,759208604.33,20140207,
597,603609.SH,禾丰食品股份有限公司,1104,饲料,7601040000000000,20131231,8525459080.39,736213495.13,20140207,
598,603609.SH,禾丰食品股份有限公司,1104,饲料,7601040000000000,20140331,8525459080.39,736213495.13,20140207,
599,603609.SH,禾丰食品股份有限公司,1104,饲料,7601040000000000,20140630,8850083463.24,736213495.13,20140207,
600,603609.SH,禾丰食品股份有限公司,1104,饲料,7601040000000000,20140930,9068749994.03,736213495.13,20140207,
601,603609.SH,禾丰食品股份有限公司,1104,饲料,7601040000000000,20141231,9139450171.13,870387026.39,20140207,
602,603609.SH,禾丰食品股份有限公司,1104,饲料,7601040000000000,20150331,9264149684.98,895601401.33,20140207,
603,603609.SH,禾丰食品股份有限公司,1104,饲料,7601040000000000,20150630,9441437325.15,935548214.4,20140207,
604,603609.SH,禾丰食品股份有限公司,1104,饲料,7601040000000000,20150930,9782696882.63,971829373.95,20140207,
605,603609.SH,禾丰食品股份有限公司,1104,饲料,7601040000000000,20151231,9696306639.18,1000179278.64,20140207,
606,603609.SH,禾丰食品股份有限公司,1104,饲料,7601040000000000,20160331,9805744950.43,1040642457.17,20140207,
607,603609.SH,禾丰食品股份有限公司,1104,饲料,7601040000000000,20160630,10470162357.46,1091053192.0,20140207,
608,603609.SH,禾丰食品股份有限公司,1104,饲料,7601040000000000,20160930,10812214441.09,1120305803.79,20140207,
609,603609.SH,禾丰食品股份有限公司,1104,饲料,7601040000000000,20161231,11870578122.31,1143094486.38,20140207,
610,603609.SH,禾丰食品股份有限公司,1104,饲料,7601040000000000,20170331,12477983805.1,1159433500.83,20140207,
611,603609.SH,禾丰食品股份有限公司,1104,饲料,7601040000000000,20170630,12818823334.25,1110719636.92,20140207,
612,603609.SH,禾丰食品股份有限公司,1104,饲料,7601040000000000,20170930,13385004054.55,1161313657.04,20140207,
613,603609.SH,禾丰食品股份有限公司,1104,饲料,7601040000000000,20171231,13695843458.67,1174368466.61,20140207,
614,603609.SH,禾丰食品股份有限公司,1104,饲料,7601040000000000,20180331,14134779794.24,1209576056.99,20140207,
615,603609.SH,禾丰食品股份有限公司,1104,饲料,7601040000000000,20180630,14545576572.46,1224047161.68,20140207,
616,603609.SH,禾丰食品股份有限公司,1104,饲料,7601040000000000,20180930,15180351863.82,1271976823.05,20140207,
617,603609.SH,禾丰食品股份有限公司,1104,饲料,7601040000000000,20181231,15750798120.67,1329500443.27,20140207,
618,603609.SH,禾丰食品股份有限公司,1104,饲料,7601040000000000,20190331,16133551276.81,1355931703.33,20140207,
619,603609.SH,禾丰食品股份有限公司,1104,饲料,7601040000000000,20190630,16627982422.93,1518344438.67,20140207,
620,603609.SH,禾丰食品股份有限公司,1104,饲料,7601040000000000,20190930,17014940534.33,1684552183.23,20140207,
621,603609.SH,禾丰食品股份有限公司,1104,饲料,7601040000000000,20191231,17792091973.58,2000071958.03,20140207,
622,603609.SH,禾丰食品股份有限公司,1104,饲料,7601040000000000,20200331,18737462320.06,2199194371.63,20140207,
623,603609.SH,禾丰食品股份有限公司,1104,饲料,7601040000000000,20200630,19913071821.11,2300184007.79,20140207,
624,603609.SH,禾丰食品股份有限公司,1104,饲料,7601040000000000,20200930,21906805467.46,2279619555.7,20140207,
625,603609.SH,禾丰食品股份有限公司,1104,饲料,7601040000000000,20201231,23817600766.26,2134009754.52,20140207,
626,603609.SH,禾丰食品股份有限公司,1104,饲料,7601040000000000,20210331,25683533548.56,2212164892.57,20140207,
627,603609.SH,禾丰食品股份有限公司,1104,饲料,7601040000000000,20210630,27612656095.91,2075628985.95,20140207,
628,603609.SH,禾丰食品股份有限公司,1104,饲料,7601040000000000,20210930,28722967134.23,1797775597.04,20140207,
629,603609.SH,禾丰食品股份有限公司,1104,饲料,7601040000000000,20211231,29468925899.6,1568627383.25,20140207,
630,603609.SH,禾丰食品股份有限公司,1104,饲料,7601040000000000,20220331,29519890338.58,1222281464.89,20140207,
631,603609.SH,禾丰食品股份有限公司,1104,饲料,7601040000000000,20220630,29612404055.4,1308955960.38,20140207,
632,603609.SH,禾丰食品股份有限公司,1104,饲料,7601040000000000,20220930,31227186176.48,1707780470.15,20140207,
633,603609.SH,禾丰食品股份有限公司,1104,饲料,7601040000000000,20221231,32811758209.54,1972487013.49,20140207,
634,603609.SH,禾丰食品股份有限公司,1104,饲料,7601040000000000,20230331,34281023028.1,2083570364.14,20140207,
635,603668.SH,福建天马科技集团股份有限公司,1104,饲料,7601040000000000,20111231,448252770.77,80064311.08,20161201,
636,603668.SH,福建天马科技集团股份有限公司,1104,饲料,7601040000000000,20121231,650067859.76,118405286.77,20161201,
637,603668.SH,福建天马科技集团股份有限公司,1104,饲料,7601040000000000,20131231,550626692.61,122012018.7,20161201,
638,603668.SH,福建天马科技集团股份有限公司,1104,饲料,7601040000000000,20140630,550626692.61,122012018.7,20161201,
639,603668.SH,福建天马科技集团股份有限公司,1104,饲料,7601040000000000,20141231,699395484.21,144930494.55,20161201,
640,603668.SH,福建天马科技集团股份有限公司,1104,饲料,7601040000000000,20150930,699395484.21,144930494.55,20161201,
641,603668.SH,福建天马科技集团股份有限公司,1104,饲料,7601040000000000,20151231,808604845.42,159719059.21,20161201,
642,603668.SH,福建天马科技集团股份有限公司,1104,饲料,7601040000000000,20160331,808604845.42,159719059.21,20161201,
643,603668.SH,福建天马科技集团股份有限公司,1104,饲料,7601040000000000,20160630,808604845.42,159719059.21,20161201,
644,603668.SH,福建天马科技集团股份有限公司,1104,饲料,7601040000000000,20160930,873657768.98,159719059.21,20161201,
645,603668.SH,福建天马科技集团股份有限公司,1104,饲料,7601040000000000,20161231,843663373.78,186533053.55,20161201,
646,603668.SH,福建天马科技集团股份有限公司,1104,饲料,7601040000000000,20170331,869943255.57,193037887.78,20161201,
647,603668.SH,福建天马科技集团股份有限公司,1104,饲料,7601040000000000,20170630,937701532.74,211044561.48,20161201,
648,603668.SH,福建天马科技集团股份有限公司,1104,饲料,7601040000000000,20170930,979806675.53,215934015.8,20161201,
649,603668.SH,福建天马科技集团股份有限公司,1104,饲料,7601040000000000,20171231,1136350115.22,229616461.49,20161201,
650,603668.SH,福建天马科技集团股份有限公司,1104,饲料,7601040000000000,20180331,1225176170.06,241982183.08,20161201,
651,603668.SH,福建天马科技集团股份有限公司,1104,饲料,7601040000000000,20180630,1335490126.83,259877852.21,20161201,
652,603668.SH,福建天马科技集团股份有限公司,1104,饲料,7601040000000000,20180930,1369150811.95,258500704.41,20161201,
653,603668.SH,福建天马科技集团股份有限公司,1104,饲料,7601040000000000,20181231,1506181112.69,262659201.75,20161201,
654,603668.SH,福建天马科技集团股份有限公司,1104,饲料,7601040000000000,20190331,1613818360.1,270876926.95,20161201,
655,603668.SH,福建天马科技集团股份有限公司,1104,饲料,7601040000000000,20190630,1720752333.26,267990657.22,20161201,
656,603668.SH,福建天马科技集团股份有限公司,1104,饲料,7601040000000000,20190930,2135674770.13,314927650.23,20161201,
657,603668.SH,福建天马科技集团股份有限公司,1104,饲料,7601040000000000,20191231,2428383824.74,308971513.29,20161201,
658,603668.SH,福建天马科技集团股份有限公司,1104,饲料,7601040000000000,20200331,2896065654.29,349238155.44,20161201,
659,603668.SH,福建天马科技集团股份有限公司,1104,饲料,7601040000000000,20200630,3317978029.87,381661305.38,20161201,
660,603668.SH,福建天马科技集团股份有限公司,1104,饲料,7601040000000000,20200930,3557610719.17,397455452.9,20161201,
661,603668.SH,福建天马科技集团股份有限公司,1104,饲料,7601040000000000,20201231,3639957005.03,406953861.95,20161201,
662,603668.SH,福建天马科技集团股份有限公司,1104,饲料,7601040000000000,20210331,3766284740.18,430067484.43,20161201,
663,603668.SH,福建天马科技集团股份有限公司,1104,饲料,7601040000000000,20210630,4324987632.05,464346875.69,20161201,
664,603668.SH,福建天马科技集团股份有限公司,1104,饲料,7601040000000000,20210930,4863587631.19,479066611.02,20161201,
665,603668.SH,福建天马科技集团股份有限公司,1104,饲料,7601040000000000,20211231,5419021956.27,553427273.5,20161201,
666,603668.SH,福建天马科技集团股份有限公司,1104,饲料,7601040000000000,20220331,5939086156.21,601707577.26,20161201,
667,603668.SH,福建天马科技集团股份有限公司,1104,饲料,7601040000000000,20220630,6300046296.44,694528539.05,20161201,
668,603668.SH,福建天马科技集团股份有限公司,1104,饲料,7601040000000000,20220930,6731014161.1,791073128.22,20161201,
669,603668.SH,福建天马科技集团股份有限公司,1104,饲料,7601040000000000,20221231,7007530405.29,671339737.26,20161201,
670,603668.SH,福建天马科技集团股份有限公司,1104,饲料,7601040000000000,20230331,7069629471.46,630686310.78,20161201,
671,832419.BJ,山东路斯宠物食品股份有限公司,1104,饲料,7601040000000000,20121231,201945507.58,28038636.5,20220224,
672,832419.BJ,山东路斯宠物食品股份有限公司,1104,饲料,7601040000000000,20131231,220083163.01,37398986.69,20220224,
673,832419.BJ,山东路斯宠物食品股份有限公司,1104,饲料,7601040000000000,20140630,220083163.01,37398986.69,20220224,
674,832419.BJ,山东路斯宠物食品股份有限公司,1104,饲料,7601040000000000,20140930,220083163.01,37398986.69,20220224,
675,832419.BJ,山东路斯宠物食品股份有限公司,1104,饲料,7601040000000000,20141231,285684084.07,54759129.29,20220224,
676,832419.BJ,山东路斯宠物食品股份有限公司,1104,饲料,7601040000000000,20150630,290403505.68,54778020.49,20220224,
677,832419.BJ,山东路斯宠物食品股份有限公司,1104,饲料,7601040000000000,20151231,247994656.04,51938791.28,20220224,
678,832419.BJ,山东路斯宠物食品股份有限公司,1104,饲料,7601040000000000,20160630,237484726.82,66684085.06,20220224,
679,832419.BJ,山东路斯宠物食品股份有限公司,1104,饲料,7601040000000000,20161231,273074698.02,76779203.12,20220224,
680,832419.BJ,山东路斯宠物食品股份有限公司,1104,饲料,7601040000000000,20170630,319763184.16,82149566.3,20220224,
681,832419.BJ,山东路斯宠物食品股份有限公司,1104,饲料,7601040000000000,20171231,310459976.12,89661896.87,20220224,
682,832419.BJ,山东路斯宠物食品股份有限公司,1104,饲料,7601040000000000,20180630,315005693.37,93160742.62,20220224,
683,832419.BJ,山东路斯宠物食品股份有限公司,1104,饲料,7601040000000000,20181231,339124866.77,92734809.68,20220224,
684,832419.BJ,山东路斯宠物食品股份有限公司,1104,饲料,7601040000000000,20190630,332343834.6,79233132.68,20220224,
685,832419.BJ,山东路斯宠物食品股份有限公司,1104,饲料,7601040000000000,20191231,346407712.86,74296730.6,20220224,
686,832419.BJ,山东路斯宠物食品股份有限公司,1104,饲料,7601040000000000,20200630,373167809.22,84934454.57,20220224,
687,832419.BJ,山东路斯宠物食品股份有限公司,1104,饲料,7601040000000000,20200930,346407712.86,74296730.6,20220224,
688,832419.BJ,山东路斯宠物食品股份有限公司,1104,饲料,7601040000000000,20201231,423913923.54,91111167.43,20220224,
689,832419.BJ,山东路斯宠物食品股份有限公司,1104,饲料,7601040000000000,20210331,423913923.54,91111167.43,20220224,
690,832419.BJ,山东路斯宠物食品股份有限公司,1104,饲料,7601040000000000,20210630,439108777.46,81478209.16,20220224,
691,832419.BJ,山东路斯宠物食品股份有限公司,1104,饲料,7601040000000000,20210930,447096458.41,80789915.8,20220224,
692,832419.BJ,山东路斯宠物食品股份有限公司,1104,饲料,7601040000000000,20211231,458883392.31,75822937.12,20220224,
693,832419.BJ,山东路斯宠物食品股份有限公司,1104,饲料,7601040000000000,20220331,488570260.76,77333203.86,20220224,
694,832419.BJ,山东路斯宠物食品股份有限公司,1104,饲料,7601040000000000,20220630,494338776.87,75313413.82,20220224,
695,832419.BJ,山东路斯宠物食品股份有限公司,1104,饲料,7601040000000000,20220930,504621171.4,75087087.88,20220224,
696,832419.BJ,山东路斯宠物食品股份有限公司,1104,饲料,7601040000000000,20221231,549051262.21,83231233.21,20220224,
697,832419.BJ,山东路斯宠物食品股份有限公司,1104,饲料,7601040000000000,20230331,577066800.29,91192367.81,20220224,
